{
  "VOGN": {
    "step_0": {
      "mean_abs_mean": 0.5792717852405167,
      "mean_var": 0.0013939303281282375,
      "max_var": 0.006082582035073447,
      "test_mse_posterior_mean": 0.015922222193478136
    },
    "step_100": {
      "mean_abs_mean": 0.5965459977687126,
      "mean_var": 0.002161772031002116,
      "max_var": 0.0163017232205125,
      "test_mse_posterior_mean": 0.1209540864214551
    },
    "step_250": {
      "mean_abs_mean": 0.5845424690280139,
      "mean_var": 0.008616230895173379,
      "max_var": 0.14789916834472383,
      "test_mse_posterior_mean": 0.04633306872529903
    },
    "step_500": {
      "mean_abs_mean": 0.5943922449467303,
      "mean_var": 0.01769386114214303,
      "max_var": 0.7217818066168499,
      "test_mse_posterior_mean": 0.1074803974606769
    },
    "step_1000": {
      "mean_abs_mean": 0.5807196140774546,
      "mean_var": 0.018792691582752617,
      "max_var": 0.6365931955733017,
      "test_mse_posterior_mean": 0.026421465109304057
    },
    "step_1750": {
      "mean_abs_mean": 0.5685241920779476,
      "mean_var": 0.020302120506308047,
      "max_var": 0.6123087189472527,
      "test_mse_posterior_mean": 0.046335500941785325
    },
    "step_2500": {
      "mean_abs_mean": 0.5801847007390446,
      "mean_var": 0.01490835845138568,
      "max_var": 0.43662093142835834,
      "test_mse_posterior_mean": 0.024407948615057313
    }
  },
  "OGGN": {
    "step_0": {
      "mean_abs_mean": 0.5638631129317548,
      "mean_var": 0.0013717781772398545,
      "max_var": 0.005688531103662076,
      "test_mse_posterior_mean": 0.009592416405359738
    },
    "step_100": {
      "mean_abs_mean": 0.5588836205830925,
      "mean_var": 0.005208421612328425,
      "max_var": 0.0567535698764481,
      "test_mse_posterior_mean": 0.029480285221364873
    },
    "step_250": {
      "mean_abs_mean": 0.5879005364806346,
      "mean_var": 0.01107444276970405,
      "max_var": 0.28779559876896665,
      "test_mse_posterior_mean": 0.09319741603489926
    },
    "step_500": {
      "mean_abs_mean": 0.5992177657095168,
      "mean_var": 0.022543895543732196,
      "max_var": 0.807642339863002,
      "test_mse_posterior_mean": 0.07278205058878087
    },
    "step_1000": {
      "mean_abs_mean": 0.6003736983954542,
      "mean_var": 0.01716489747589795,
      "max_var": 0.6852676540800683,
      "test_mse_posterior_mean": 0.0734447581105912
    },
    "step_1750": {
      "mean_abs_mean": 0.5960739344014099,
      "mean_var": 0.018593349421601173,
      "max_var": 0.5662431772978901,
      "test_mse_posterior_mean": 0.061528777427895615
    },
    "step_2500": {
      "mean_abs_mean": 0.5963311815734281,
      "mean_var": 0.019493489194264996,
      "max_var": 0.7269834308897323,
      "test_mse_posterior_mean": 0.08520429847491762
    }
  }
}