{
  "VOGN": {
    "step_0": {
      "mean_abs_mean": 0.30641351849729503,
      "mean_var": 0.5576692739318249,
      "max_var": 0.7584158274311438
    },
    "step_10": {
      "mean_abs_mean": 1.0060268776974914,
      "mean_var": 0.5289700011087897,
      "max_var": 0.6893294904978784
    },
    "step_50": {
      "mean_abs_mean": 0.4533380238876397,
      "mean_var": 0.36839254028243773,
      "max_var": 0.49657760967274694
    },
    "step_100": {
      "mean_abs_mean": 0.6892472816728465,
      "mean_var": 0.26421397806672803,
      "max_var": 0.36540695718909366
    },
    "step_200": {
      "mean_abs_mean": 0.5181290540881299,
      "mean_var": 0.23349562105233881,
      "max_var": 0.34512453179089453
    },
    "step_500": {
      "mean_abs_mean": 0.9043948462639883,
      "mean_var": 0.43456552520500064,
      "max_var": 0.551998269477129
    }
  },
  "OGGN": {
    "step_0": {
      "mean_abs_mean": 0.13792569412262196,
      "mean_var": 0.5122903950234692,
      "max_var": 0.6822791124254506
    },
    "step_10": {
      "mean_abs_mean": 0.44420519223734123,
      "mean_var": 0.47197790514202176,
      "max_var": 0.6565832070999351
    },
    "step_50": {
      "mean_abs_mean": 0.49743924102382103,
      "mean_var": 0.4011922297244732,
      "max_var": 0.541694469151338
    },
    "step_100": {
      "mean_abs_mean": 0.2271513890036795,
      "mean_var": 0.24235482357656707,
      "max_var": 0.334953559418771
    },
    "step_200": {
      "mean_abs_mean": 0.5173598944219568,
      "mean_var": 0.1902415775167529,
      "max_var": 0.2676568590284879
    },
    "step_500": {
      "mean_abs_mean": 0.4989133273534458,
      "mean_var": 0.20579659889996535,
      "max_var": 0.5214729848357014
    }
  }
}