{
  "step_0": {
    "trace_ntk": 895.22489181139,
    "trace_vogn": 44.7612445905695,
    "trace_oggn": 41.08568049423189
  },
  "step_10": {
    "trace_ntk": 996.033900631873,
    "trace_vogn": 42.433533022872446,
    "trace_oggn": 37.87899113073711
  },
  "step_50": {
    "trace_ntk": 1175.2003604347458,
    "trace_vogn": 29.556007858829823,
    "trace_oggn": 32.18171345537225
  },
  "step_100": {
    "trace_ntk": 937.3896126577927,
    "trace_vogn": 21.210392742339263,
    "trace_oggn": 19.4460290937344
  },
  "step_200": {
    "trace_ntk": 844.3313928169558,
    "trace_vogn": 18.750891376520634,
    "trace_oggn": 15.273092584251398
  }
}