{
  "step_0": {
    "trace_ntk": 895.22489181139,
    "trace_vogn": 44.7612445905695,
    "trace_oggn": 41.08568049423189,
    "fro_delta_ntk": 0.0,
    "fro_delta_vogn": 0.0,
    "fro_delta_oggn": 0.0
  },
  "step_100": {
    "trace_ntk": 818.7734739577776,
    "trace_vogn": 14.901024655939432,
    "trace_oggn": 15.19644517859718,
    "fro_delta_ntk": 87.92014924320456,
    "fro_delta_vogn": 22.568083306170234,
    "fro_delta_oggn": 18.43739988004187
  },
  "step_250": {
    "trace_ntk": 905.9392811017898,
    "trace_vogn": 17.6419478020281,
    "trace_oggn": 12.269398682722445,
    "fro_delta_ntk": 155.34812874267504,
    "fro_delta_vogn": 20.82694922726078,
    "fro_delta_oggn": 20.65685482595294
  },
  "step_500": {
    "trace_ntk": 1289.985352001676,
    "trace_vogn": 18.2874480772374,
    "trace_oggn": 14.496033524299172,
    "fro_delta_ntk": 578.7269216948795,
    "fro_delta_vogn": 20.483605791661542,
    "fro_delta_oggn": 19.79653620545382
  },
  "step_1000": {
    "trace_ntk": 1449.2425476056476,
    "trace_vogn": 29.442779802845997,
    "trace_oggn": 13.395792849757212,
    "fro_delta_ntk": 720.4522706634607,
    "fro_delta_vogn": 12.92488836692548,
    "fro_delta_oggn": 20.24599901343978
  },
  "step_1750": {
    "trace_ntk": 1271.7990541574945,
    "trace_vogn": 21.10415217469797,
    "trace_oggn": 14.881019419433407,
    "fro_delta_ntk": 542.7612368823661,
    "fro_delta_vogn": 18.820942035525064,
    "fro_delta_oggn": 19.270744371852345
  },
  "step_2500": {
    "trace_ntk": 945.9197846102473,
    "trace_vogn": 23.31222529769181,
    "trace_oggn": 9.873397173147113,
    "fro_delta_ntk": 263.7634258445005,
    "fro_delta_vogn": 16.963162397094337,
    "fro_delta_oggn": 22.935472436710203
  }
}