{
  "experiment": "heteroscedastic_curvature_binary",
  "device": "cpu",
  "seed": 123,
  "n_train": 3500,
  "n_test": 2500,
  "laplace_train_size": 1400,
  "grid_size": 101,
  "map_train_accuracy": 0.9265714285714286,
  "map_test_accuracy": 0.9352,
  "metrics": {
    "map": {
      "accuracy": 0.9352,
      "nll": 0.13650234695643904,
      "brier": 0.043926447418424205
    },
    "dnn2gp": {
      "accuracy": 0.9336,
      "nll": 0.13608156963304788,
      "brier": 0.04365424786476086
    },
    "curvature": {
      "accuracy": 0.93,
      "nll": 0.14020832724165438,
      "brier": 0.045069164581300454
    }
  },
  "entropy_high_noise_region": {
    "map": 0.3404676184836414,
    "dnn2gp": 0.35714630269077435,
    "curvature": 0.3899568844488364
  },
  "entropy_low_noise_region": {
    "map": 0.018965093256921747,
    "dnn2gp": 0.02033005757030264,
    "curvature": 0.02327989454368854
  },
  "noise_region_definition": {
    "sigma_quantile": 0.7,
    "sigma_high_threshold": 0.28271717856313094,
    "sigma_low_threshold": 0.15510755280865973,
    "high_region_fraction": 0.30006862072345847,
    "low_region_fraction": 0.30036270953828054
  },
  "kernel_corr_upper_tri_normalized": 0.9955441125137565,
  "lambda_trace_grid_mean": 0.08578445139529152,
  "lambda_trace_grid_std": 0.15393748737880947,
  "sigma_grid_mean": 0.33465036835046896,
  "sigma_grid_std": 0.32324945378587366,
  "figures": {
    "dataset_sigma": "/mnt/D/mva_P2/Bayesian_ML/project/results/heteroscedastic_curvature/dataset_with_sigma_map.png",
    "probability_maps": "/mnt/D/mva_P2/Bayesian_ML/project/results/heteroscedastic_curvature/predictive_probability_maps.png",
    "entropy_maps": "/mnt/D/mva_P2/Bayesian_ML/project/results/heteroscedastic_curvature/predictive_entropy_maps.png",
    "gp_difference_maps": "/mnt/D/mva_P2/Bayesian_ML/project/results/heteroscedastic_curvature/gp_difference_maps.png"
  }
}