{
  "regression": {
    "VOGN": {
      "final_train_loss": 0.3753719435646464,
      "final_val_loss": 0.33360726933575036,
      "final_test_mse": 0.29362984657712177
    },
    "OGGN": {
      "final_train_loss": 0.40446725474517964,
      "final_val_loss": 0.35231769207155456,
      "final_test_mse": 0.3392397778676709
    },
    "Adam": {
      "final_train_loss": 0.011600935644997968,
      "final_val_loss": 0.019591592767960832,
      "final_test_mse": 0.0034849324776505867
    },
    "RMSprop": {
      "final_train_loss": 0.011430081023476295,
      "final_val_loss": 0.01925021644345899,
      "final_test_mse": 0.00491607033854013
    }
  },
  "classification": {
    "VOGN": {
      "final_train_loss": 0.005694177629524836,
      "final_val_loss": 4.1639902364023535e-05,
      "final_test_acc": 0.9991666666666666
    },
    "OGGN": {
      "final_train_loss": 0.0023357521508255226,
      "final_val_loss": 0.000499811264050463,
      "final_test_acc": 1.0
    },
    "Adam": {
      "final_train_loss": 0.002964699392524228,
      "final_val_loss": 0.003321766762862556,
      "final_test_acc": 1.0
    },
    "RMSprop": {
      "final_train_loss": 0.0010764752934709935,
      "final_val_loss": 0.0018902358838156458,
      "final_test_acc": 0.9991666666666666
    }
  }
}