{
  "experiment1_gp_evolution": {
    "VOGN": {
      "step_0": {
        "mean_abs_mean": 0.30641351849729503,
        "mean_var": 0.5576692739318249,
        "max_var": 0.7584158274311438
      },
      "step_10": {
        "mean_abs_mean": 1.0060268776974914,
        "mean_var": 0.5289700011087897,
        "max_var": 0.6893294904978784
      },
      "step_50": {
        "mean_abs_mean": 0.4533380238876397,
        "mean_var": 0.36839254028243773,
        "max_var": 0.49657760967274694
      },
      "step_100": {
        "mean_abs_mean": 0.6892472816728465,
        "mean_var": 0.26421397806672803,
        "max_var": 0.36540695718909366
      },
      "step_200": {
        "mean_abs_mean": 0.5181290540881299,
        "mean_var": 0.23349562105233881,
        "max_var": 0.34512453179089453
      },
      "step_500": {
        "mean_abs_mean": 0.9043948462639883,
        "mean_var": 0.43456552520500064,
        "max_var": 0.551998269477129
      }
    },
    "OGGN": {
      "step_0": {
        "mean_abs_mean": 0.13792569412262196,
        "mean_var": 0.5122903950234692,
        "max_var": 0.6822791124254506
      },
      "step_10": {
        "mean_abs_mean": 0.44420519223734123,
        "mean_var": 0.47197790514202176,
        "max_var": 0.6565832070999351
      },
      "step_50": {
        "mean_abs_mean": 0.49743924102382103,
        "mean_var": 0.4011922297244732,
        "max_var": 0.541694469151338
      },
      "step_100": {
        "mean_abs_mean": 0.2271513890036795,
        "mean_var": 0.24235482357656707,
        "max_var": 0.334953559418771
      },
      "step_200": {
        "mean_abs_mean": 0.5173598944219568,
        "mean_var": 0.1902415775167529,
        "max_var": 0.2676568590284879
      },
      "step_500": {
        "mean_abs_mean": 0.4989133273534458,
        "mean_var": 0.20579659889996535,
        "max_var": 0.5214729848357014
      }
    }
  },
  "experiment2_optimizer_comparison": {
    "regression": {
      "VOGN": {
        "final_train_loss": 0.3701385723080676,
        "final_val_loss": 0.320890708408662,
        "final_test_mse": 0.27176346330466095
      },
      "OGGN": {
        "final_train_loss": 0.35712766981569355,
        "final_val_loss": 0.33029339428536464,
        "final_test_mse": 0.2805684536961165
      },
      "Adam": {
        "final_train_loss": 0.01143894616942848,
        "final_val_loss": 0.018185632602903012,
        "final_test_mse": 0.003008188874679354
      },
      "RMSprop": {
        "final_train_loss": 0.025865372598058788,
        "final_val_loss": 0.03888350083739307,
        "final_test_mse": 0.01594875555755141
      }
    },
    "classification": {
      "VOGN": {
        "final_train_loss": 0.001149061737125688,
        "final_val_loss": 0.00019516440707177587,
        "final_test_acc": 0.999
      },
      "OGGN": {
        "final_train_loss": 0.0014927026650542283,
        "final_val_loss": 0.002361745234904447,
        "final_test_acc": 1.0
      },
      "Adam": {
        "final_train_loss": 0.0010930564612092824,
        "final_val_loss": 0.0013319548823509948,
        "final_test_acc": 1.0
      },
      "RMSprop": {
        "final_train_loss": 0.0009218287949513015,
        "final_val_loss": 0.0020707793080064914,
        "final_test_acc": 1.0
      }
    }
  },
  "experiment3_gp_vs_mc": {
    "VOGN": {
      "step_0": {
        "mean_mse": 0.04724585152353813,
        "var_mse": 0.022017269653622485
      },
      "step_10": {
        "mean_mse": 0.14388294603321788,
        "var_mse": 0.0334116937258804
      },
      "step_50": {
        "mean_mse": 0.03040425012054011,
        "var_mse": 0.018353254244512725
      },
      "step_100": {
        "mean_mse": 0.10350191336731514,
        "var_mse": 0.016080800314742683
      },
      "step_200": {
        "mean_mse": 0.10416878363440032,
        "var_mse": 0.024440233146761213
      },
      "step_500": {
        "mean_mse": 0.3612027611532818,
        "var_mse": 0.009159602757066038
      }
    },
    "OGGN": {
      "step_0": {
        "mean_mse": 0.007227725381802982,
        "var_mse": 0.06016446319503482
      },
      "step_10": {
        "mean_mse": 0.052557474714116405,
        "var_mse": 0.024587224713261906
      },
      "step_50": {
        "mean_mse": 0.048314253358571466,
        "var_mse": 0.01448694795964739
      },
      "step_100": {
        "mean_mse": 0.009269334280164594,
        "var_mse": 0.032838048670629894
      },
      "step_200": {
        "mean_mse": 0.05188874099501706,
        "var_mse": 0.008790950931121639
      },
      "step_500": {
        "mean_mse": 0.03307304962467993,
        "var_mse": 0.005395487585394805
      }
    }
  },
  "experiment4_kernel_evolution": {
    "step_0": {
      "trace_ntk": 895.22489181139,
      "trace_vogn": 44.7612445905695,
      "trace_oggn": 41.08568049423189
    },
    "step_10": {
      "trace_ntk": 996.033900631873,
      "trace_vogn": 42.433533022872446,
      "trace_oggn": 37.87899113073711
    },
    "step_50": {
      "trace_ntk": 1175.2003604347458,
      "trace_vogn": 29.556007858829823,
      "trace_oggn": 32.18171345537225
    },
    "step_100": {
      "trace_ntk": 937.3896126577927,
      "trace_vogn": 21.210392742339263,
      "trace_oggn": 19.4460290937344
    },
    "step_200": {
      "trace_ntk": 844.3313928169558,
      "trace_vogn": 18.750891376520634,
      "trace_oggn": 15.273092584251398
    }
  },
  "experiment5_ood_detection": {
    "VOGN": {
      "auroc_entropy": 0.9260940669371197,
      "auroc_predictive_variance": 0.9211511156186613,
      "mean_entropy_seen": 0.010228507270989687,
      "mean_entropy_unseen": 0.248364744562606,
      "mean_var_seen": 0.0034078517957272956,
      "mean_var_unseen": 0.10744353530226533
    },
    "OGGN": {
      "auroc_entropy": 0.9541772312373226,
      "auroc_predictive_variance": 0.9488913539553753,
      "mean_entropy_seen": 0.013960255199360432,
      "mean_entropy_unseen": 0.3043610552330308,
      "mean_var_seen": 0.003211127649622526,
      "mean_var_unseen": 0.07528529557033165
    }
  },
  "experiment6_calibration": {
    "NLL": {
      "VOGN": [
        2.1283737890868677,
        1.4906267359589773,
        1.3838182339076057,
        1.3361495899474427,
        1.201373529133587,
        1.008346850575617
      ],
      "OGGN": [
        2.0173849586221375,
        1.4666288557256595,
        1.3563209159724212,
        1.2584960927077995,
        1.0954222386046222,
        1.0167094913711872
      ],
      "Adam": [
        1.4273106363961512,
        0.6848255219927689,
        0.5086264318962644,
        0.428728432418824,
        0.3924033900458548,
        0.37903956044780923
      ]
    },
    "ECE": {
      "VOGN": [
        0.10634986146398974,
        0.08165356070288254,
        0.05666880193583523,
        0.07562358126848749,
        0.04927174501838438,
        0.07810009596865923
      ],
      "OGGN": [
        0.1901190508182724,
        0.036516994360146174,
        0.049629771187848074,
        0.10609121759474398,
        0.07347546324929989,
        0.07500480656523101
      ],
      "Adam": [
        0.4241919034152563,
        0.17060468456478592,
        0.11804307708107648,
        0.08533350295468739,
        0.06028358661695638,
        0.04748683407240785
      ]
    },
    "Brier": {
      "VOGN": [
        0.8588831654785687,
        0.6430718628818434,
        0.6207345986095665,
        0.6000445833220318,
        0.5298382698876668,
        0.467005708802899
      ],
      "OGGN": [
        0.8316491289808865,
        0.6698926086852696,
        0.6353475777974034,
        0.5969943518823564,
        0.5093092629791179,
        0.49018685321500893
      ],
      "Adam": [
        0.6323038799123659,
        0.3105593842426655,
        0.22349365047162606,
        0.18017412258382298,
        0.16166027224690163,
        0.16218798489708988
      ]
    }
  }
}