{
  "experiment1_gp_evolution": {
    "VOGN": {
      "step_0": {
        "mean_abs_mean": 0.5792717852405167,
        "mean_var": 0.0013939303281282375,
        "max_var": 0.006082582035073447,
        "test_mse_posterior_mean": 0.015922222193478136
      },
      "step_100": {
        "mean_abs_mean": 0.5965459977687126,
        "mean_var": 0.002161772031002116,
        "max_var": 0.0163017232205125,
        "test_mse_posterior_mean": 0.1209540864214551
      },
      "step_250": {
        "mean_abs_mean": 0.5845424690280139,
        "mean_var": 0.008616230895173379,
        "max_var": 0.14789916834472383,
        "test_mse_posterior_mean": 0.04633306872529903
      },
      "step_500": {
        "mean_abs_mean": 0.5943922449467303,
        "mean_var": 0.01769386114214303,
        "max_var": 0.7217818066168499,
        "test_mse_posterior_mean": 0.1074803974606769
      },
      "step_1000": {
        "mean_abs_mean": 0.5807196140774546,
        "mean_var": 0.018792691582752617,
        "max_var": 0.6365931955733017,
        "test_mse_posterior_mean": 0.026421465109304057
      },
      "step_1750": {
        "mean_abs_mean": 0.5685241920779476,
        "mean_var": 0.020302120506308047,
        "max_var": 0.6123087189472527,
        "test_mse_posterior_mean": 0.046335500941785325
      },
      "step_2500": {
        "mean_abs_mean": 0.5801847007390446,
        "mean_var": 0.01490835845138568,
        "max_var": 0.43662093142835834,
        "test_mse_posterior_mean": 0.024407948615057313
      }
    },
    "OGGN": {
      "step_0": {
        "mean_abs_mean": 0.5638631129317548,
        "mean_var": 0.0013717781772398545,
        "max_var": 0.005688531103662076,
        "test_mse_posterior_mean": 0.009592416405359738
      },
      "step_100": {
        "mean_abs_mean": 0.5588836205830925,
        "mean_var": 0.005208421612328425,
        "max_var": 0.0567535698764481,
        "test_mse_posterior_mean": 0.029480285221364873
      },
      "step_250": {
        "mean_abs_mean": 0.5879005364806346,
        "mean_var": 0.01107444276970405,
        "max_var": 0.28779559876896665,
        "test_mse_posterior_mean": 0.09319741603489926
      },
      "step_500": {
        "mean_abs_mean": 0.5992177657095168,
        "mean_var": 0.022543895543732196,
        "max_var": 0.807642339863002,
        "test_mse_posterior_mean": 0.07278205058878087
      },
      "step_1000": {
        "mean_abs_mean": 0.6003736983954542,
        "mean_var": 0.01716489747589795,
        "max_var": 0.6852676540800683,
        "test_mse_posterior_mean": 0.0734447581105912
      },
      "step_1750": {
        "mean_abs_mean": 0.5960739344014099,
        "mean_var": 0.018593349421601173,
        "max_var": 0.5662431772978901,
        "test_mse_posterior_mean": 0.061528777427895615
      },
      "step_2500": {
        "mean_abs_mean": 0.5963311815734281,
        "mean_var": 0.019493489194264996,
        "max_var": 0.7269834308897323,
        "test_mse_posterior_mean": 0.08520429847491762
      }
    }
  },
  "experiment2_optimizer_comparison": {
    "regression": {
      "VOGN": {
        "final_train_loss": 0.3753719435646464,
        "final_val_loss": 0.33360726933575036,
        "final_test_mse": 0.29362984657712177
      },
      "OGGN": {
        "final_train_loss": 0.40446725474517964,
        "final_val_loss": 0.35231769207155456,
        "final_test_mse": 0.3392397778676709
      },
      "Adam": {
        "final_train_loss": 0.011600935644997968,
        "final_val_loss": 0.019591592767960832,
        "final_test_mse": 0.0034849324776505867
      },
      "RMSprop": {
        "final_train_loss": 0.011430081023476295,
        "final_val_loss": 0.01925021644345899,
        "final_test_mse": 0.00491607033854013
      }
    },
    "classification": {
      "VOGN": {
        "final_train_loss": 0.005694177629524836,
        "final_val_loss": 4.1639902364023535e-05,
        "final_test_acc": 0.9991666666666666
      },
      "OGGN": {
        "final_train_loss": 0.0023357521508255226,
        "final_val_loss": 0.000499811264050463,
        "final_test_acc": 1.0
      },
      "Adam": {
        "final_train_loss": 0.002964699392524228,
        "final_val_loss": 0.003321766762862556,
        "final_test_acc": 1.0
      },
      "RMSprop": {
        "final_train_loss": 0.0010764752934709935,
        "final_val_loss": 0.0018902358838156458,
        "final_test_acc": 0.9991666666666666
      }
    }
  },
  "experiment3_gp_vs_mc": {
    "VOGN": {
      "step_0": {
        "mean_mse": 2.9450086180503483e-05,
        "var_mse": 4.5092232676357566e-05,
        "gp_test_mse": 0.015922222193478136,
        "mc_test_mse": 0.017003181617187554
      },
      "step_100": {
        "mean_mse": 0.0001319604240981274,
        "var_mse": 3.6646028175493644e-06,
        "gp_test_mse": 0.1209540864214551,
        "mc_test_mse": 0.11419141613165822
      },
      "step_250": {
        "mean_mse": 0.0011463601629155904,
        "var_mse": 0.00017295562273248466,
        "gp_test_mse": 0.04633306872529903,
        "mc_test_mse": 0.039356526209113465
      },
      "step_500": {
        "mean_mse": 0.003368444422677573,
        "var_mse": 0.004203904515793876,
        "gp_test_mse": 0.1074803974606769,
        "mc_test_mse": 0.08723708491201951
      },
      "step_1000": {
        "mean_mse": 0.0024795004004719906,
        "var_mse": 0.0036393722883028235,
        "gp_test_mse": 0.026421465109304057,
        "mc_test_mse": 0.018331897308117535
      },
      "step_1750": {
        "mean_mse": 0.0037339944815291707,
        "var_mse": 0.0028083760998522506,
        "gp_test_mse": 0.046335500941785325,
        "mc_test_mse": 0.036526827330470885
      },
      "step_2500": {
        "mean_mse": 0.0023090422937600097,
        "var_mse": 0.0014816829758100836,
        "gp_test_mse": 0.024407948615057313,
        "mc_test_mse": 0.017812453693826072
      }
    },
    "OGGN": {
      "step_0": {
        "mean_mse": 4.547572445876358e-05,
        "var_mse": 6.256572055398987e-05,
        "gp_test_mse": 0.009592416405359738,
        "mc_test_mse": 0.010249491489113352
      },
      "step_100": {
        "mean_mse": 0.00020336768216642383,
        "var_mse": 5.9067532739466794e-05,
        "gp_test_mse": 0.029480285221364873,
        "mc_test_mse": 0.02695079722185645
      },
      "step_250": {
        "mean_mse": 0.003497737334529652,
        "var_mse": 0.0011031560374858262,
        "gp_test_mse": 0.09319741603489926,
        "mc_test_mse": 0.07212965696914049
      },
      "step_500": {
        "mean_mse": 0.004891809136791454,
        "var_mse": 0.0019065721167519408,
        "gp_test_mse": 0.07278205058878087,
        "mc_test_mse": 0.05058168359773504
      },
      "step_1000": {
        "mean_mse": 0.0037025789374968447,
        "var_mse": 0.004905283244553046,
        "gp_test_mse": 0.0734447581105912,
        "mc_test_mse": 0.056892198861095235
      },
      "step_1750": {
        "mean_mse": 0.00370787485793969,
        "var_mse": 0.004243341986042487,
        "gp_test_mse": 0.061528777427895615,
        "mc_test_mse": 0.043357068755339
      },
      "step_2500": {
        "mean_mse": 0.00487262551258236,
        "var_mse": 0.006493868855661602,
        "gp_test_mse": 0.08520429847491762,
        "mc_test_mse": 0.06789748104889096
      }
    }
  },
  "experiment4_kernel_evolution": {
    "step_0": {
      "trace_ntk": 895.22489181139,
      "trace_vogn": 44.7612445905695,
      "trace_oggn": 41.08568049423189,
      "fro_delta_ntk": 0.0,
      "fro_delta_vogn": 0.0,
      "fro_delta_oggn": 0.0
    },
    "step_100": {
      "trace_ntk": 818.7734739577776,
      "trace_vogn": 14.901024655939432,
      "trace_oggn": 15.19644517859718,
      "fro_delta_ntk": 87.92014924320456,
      "fro_delta_vogn": 22.568083306170234,
      "fro_delta_oggn": 18.43739988004187
    },
    "step_250": {
      "trace_ntk": 905.9392811017898,
      "trace_vogn": 17.6419478020281,