{
  "NLL": {
    "VOGN": [
      2.301543512529614,
      2.275238006380352,
      2.177417772801742,
      1.9412012491204,
      1.6929746636742753,
      1.5153795142050601,
      1.4323847521037705,
      1.3397451546502304,
      1.1771779151693367,
      1.0586372167357285,
      1.000851184808703,
      0.9321525006454314
    ],
    "OGGN": [
      2.3064439376729178,
      2.2981606340278713,
      2.2993031378870126,
      2.2578991966431547,
      1.9750906758106501,
      1.8248364667932768,
      1.7509706325930539,
      1.6746951538398784,
      1.5764931607531303,
      1.474760886979412,
      1.384595299146254,
      1.3177941759345957
    ],
    "Adam": [
      2.2313824873679113,
      2.0853225901987433,
      1.886243442368864,
      1.6613536926182682,
      1.4323553170181154,
      1.2259447456116572,
      1.0512607177423319,
      0.9145579266306736,
      0.8098682290584467,
      0.727950808487138,
      0.6671331322045743,
      0.6189055066157156
    ]
  },
  "ECE": {
    "VOGN": [
      0.017545176495407988,
      0.11351908636860594,
      0.05223675215007424,
      0.16631648976708702,
      0.1476674470331773,
      0.11600851491554588,
      0.09702415367859378,
      0.11644463883487617,
      0.12739508576969033,
      0.12552982471382254,
      0.08780706811206546,
      0.09580313635324661
    ],
    "OGGN": [
      0.05863192281276983,
      0.04813513075320766,
      0.009927024323098332,
      0.1177487405032476,
      0.08921751700924606,
      0.107409245785468,
      0.1112382248941357,
      0.08311579210081697,
      0.07652753823150117,
      0.08710474648985748,
      0.07135400744876781,
      0.07916700080035874
    ],
    "Adam": [
      0.20080748964143616,
      0.3144233478125135,
      0.3607662456866708,
      0.42001227828380294,
      0.44151999554641547,
      0.41505984469055773,
      0.3554211344555226,
      0.323801099697076,
      0.27902483055525323,
      0.23489694073227899,
      0.20561279187474282,
      0.18813999599875614
    ]
  },
  "Brier": {
    "VOGN": [
      0.8997524804199426,
      0.8943373201363627,
      0.8737811522432359,
      0.8183885684183083,
      0.7353744773563187,
      0.6689424654578393,
      0.6460248167473016,
      0.6220460993168685,
      0.5621430915081456,
      0.5168745692635792,
      0.4917478015863124,
      0.4535038570643513
    ],
    "OGGN": [
      0.9007951140443552,
      0.8990252495815368,
      0.899310271460226,
      0.8898056922798012,
      0.7826525447639248,
      0.7486715714880932,
      0.734596108721986,
      0.7195574134021882,
      0.698767731158847,
      0.6718316255581135,
      0.6488499548491986,
      0.6229493262092327
    ],
    "Adam": [
      0.8855941015597186,
      0.8528566389963922,
      0.8015255359136987,
      0.7314128553897417,
      0.646414799721887,
      0.559105796069765,
      0.47799847962908115,
      0.41243548231610927,
      0.3615645517273981,
      0.3224749997537901,
      0.29244190242811613,
      0.2703484614807374
    ]
  }
}