{
  "NLL": {
    "VOGN": [
      2.1436877734683657,
      1.2650282829805464,
      0.9487279925924008,
      0.8241612968607258,
      0.7427976478698476,
      0.6840327890763565
    ],
    "OGGN": [
      2.1293252777853815,
      1.8995435921870862,
      1.6727217042416704,
      1.5926090824249426,
      1.502821425791666,
      1.4234765398621103
    ],
    "Adam": [
      1.4866506026803954,
      0.7287960145038417,
      0.5425329786935525,
      0.4631737701010848,
      0.4231981963051704,
      0.4016081111308125
    ]
  },
  "ECE": {
    "VOGN": [
      0.1299413064022079,
      0.15296863443522785,
      0.08371773855624594,
      0.1272796406219484,
      0.13129793321316333,
      0.10711432108952676
    ],
    "OGGN": [
      0.041215460246649335,
      0.06969479347573918,
      0.08077243575936624,
      0.095954651633263,
      0.10573622599700157,
      0.07659748271618125
    ],
    "Adam": [
      0.4218949984285855,
      0.2092467911495522,
      0.12544902295492366,
      0.08609204948107085,
      0.055915888843407126,
      0.0543423449173238
    ]
  },
  "Brier": {
    "VOGN": [
      0.8618964064082725,
      0.577516583955471,
      0.446020290966542,
      0.3836031628707299,
      0.3461197486565819,
      0.310071118857113
    ],
    "OGGN": [
      0.8295805383929427,
      0.7677739322258783,
      0.7064438235723541,
      0.6921325639354386,
      0.6818799217273587,
      0.6595760215366022
    ],
    "Adam": [
      0.6567372188280449,
      0.330707436322026,
      0.24179546520858547,
      0.20320612970981583,
      0.18736702871785224,
      0.169697853788666
    ]
  }
}