{
  "VOGN": {
    "step_0": {
      "mean_mse": 2.9450086180503483e-05,
      "var_mse": 4.5092232676357566e-05,
      "gp_test_mse": 0.015922222193478136,
      "mc_test_mse": 0.017003181617187554
    },
    "step_100": {
      "mean_mse": 0.0001319604240981274,
      "var_mse": 3.6646028175493644e-06,
      "gp_test_mse": 0.1209540864214551,
      "mc_test_mse": 0.11419141613165822
    },
    "step_250": {
      "mean_mse": 0.0011463601629155904,
      "var_mse": 0.00017295562273248466,
      "gp_test_mse": 0.04633306872529903,
      "mc_test_mse": 0.039356526209113465
    },
    "step_500": {
      "mean_mse": 0.003368444422677573,
      "var_mse": 0.004203904515793876,
      "gp_test_mse": 0.1074803974606769,
      "mc_test_mse": 0.08723708491201951
    },
    "step_1000": {
      "mean_mse": 0.0024795004004719906,
      "var_mse": 0.0036393722883028235,
      "gp_test_mse": 0.026421465109304057,
      "mc_test_mse": 0.018331897308117535
    },
    "step_1750": {
      "mean_mse": 0.0037339944815291707,
      "var_mse": 0.0028083760998522506,
      "gp_test_mse": 0.046335500941785325,
      "mc_test_mse": 0.036526827330470885
    },
    "step_2500": {
      "mean_mse": 0.0023090422937600097,
      "var_mse": 0.0014816829758100836,
      "gp_test_mse": 0.024407948615057313,
      "mc_test_mse": 0.017812453693826072
    }
  },
  "OGGN": {
    "step_0": {
      "mean_mse": 4.547572445876358e-05,
      "var_mse": 6.256572055398987e-05,
      "gp_test_mse": 0.009592416405359738,
      "mc_test_mse": 0.010249491489113352
    },
    "step_100": {
      "mean_mse": 0.00020336768216642383,
      "var_mse": 5.9067532739466794e-05,
      "gp_test_mse": 0.029480285221364873,
      "mc_test_mse": 0.02695079722185645
    },
    "step_250": {
      "mean_mse": 0.003497737334529652,
      "var_mse": 0.0011031560374858262,
      "gp_test_mse": 0.09319741603489926,
      "mc_test_mse": 0.07212965696914049
    },
    "step_500": {
      "mean_mse": 0.004891809136791454,
      "var_mse": 0.0019065721167519408,
      "gp_test_mse": 0.07278205058878087,
      "mc_test_mse": 0.05058168359773504
    },
    "step_1000": {
      "mean_mse": 0.0037025789374968447,
      "var_mse": 0.004905283244553046,
      "gp_test_mse": 0.0734447581105912,
      "mc_test_mse": 0.056892198861095235
    },
    "step_1750": {
      "mean_mse": 0.00370787485793969,
      "var_mse": 0.004243341986042487,
      "gp_test_mse": 0.061528777427895615,
      "mc_test_mse": 0.043357068755339
    },
    "step_2500": {
      "mean_mse": 0.00487262551258236,
      "var_mse": 0.006493868855661602,
      "gp_test_mse": 0.08520429847491762,
      "mc_test_mse": 0.06789748104889096
    }
  }
}