{
  "VOGN": {
    "step_0": {
      "mean_mse": 0.04724585152353813,
      "var_mse": 0.022017269653622485
    },
    "step_10": {
      "mean_mse": 0.14388294603321788,
      "var_mse": 0.0334116937258804
    },
    "step_50": {
      "mean_mse": 0.03040425012054011,
      "var_mse": 0.018353254244512725
    },
    "step_100": {
      "mean_mse": 0.10350191336731514,
      "var_mse": 0.016080800314742683
    },
    "step_200": {
      "mean_mse": 0.10416878363440032,
      "var_mse": 0.024440233146761213
    },
    "step_500": {
      "mean_mse": 0.3612027611532818,
      "var_mse": 0.009159602757066038
    }
  },
  "OGGN": {
    "step_0": {
      "mean_mse": 0.007227725381802982,
      "var_mse": 0.06016446319503482
    },
    "step_10": {
      "mean_mse": 0.052557474714116405,
      "var_mse": 0.024587224713261906
    },
    "step_50": {
      "mean_mse": 0.048314253358571466,
      "var_mse": 0.01448694795964739
    },
    "step_100": {
      "mean_mse": 0.009269334280164594,
      "var_mse": 0.032838048670629894
    },
    "step_200": {
      "mean_mse": 0.05188874099501706,
      "var_mse": 0.008790950931121639
    },
    "step_500": {
      "mean_mse": 0.03307304962467993,
      "var_mse": 0.005395487585394805
    }
  }
}