scale,n_train,method,epochs,mean_var_all,mean_var_center,std_var_all
1,10,laplace_j,300,1.85933084,1.69184152,0.21284712
1,10,dual_blr_diag,300,0.43696289,0.31438953,0.13800818
10,100,laplace_j,220,0.04392787,0.04733634,0.00515867
10,100,dual_blr_diag,220,0.03879688,0.04508710,0.00930600
100,1000,laplace_j,140,0.00400967,0.00362859,0.00115747
100,1000,dual_blr_diag,140,0.00388710,0.00364420,0.00092260
1000,10000,laplace_j,80,0.00034933,0.00035799,0.00003969
1000,10000,dual_blr_diag,80,0.00038594,0.00038967,0.00005179
