{
  "x_test_min": -0.5,
  "x_test_max": 6.5,
  "x_train_min": 0.059167804,
  "x_train_max": 5.9657729,
  "lambda_scalar_mean": 12.225536701061177,
  "lambda_scalar_std": 1.7763568394002505e-15,
  "is_lambda_effectively_constant": true,
  "kernel_scale_median_kcurv_over_korig": 12.225536701061177,
  "train_rmse_map_mean": 0.2764412204895419,
  "max_abs_mean_diff": 0.2647395401591073,
  "max_abs_std_diff": 0.7680198027048639,
  "max_abs_mean_diff_noise_matched": 7.947988933665329e-10,
  "max_abs_var_diff_noise_matched": 12.017085768112878,
  "max_abs_var_diff_noise_matched_rescaled": 2.7582837510298913e-07,
  "train_rmse_original": 2.6278066570205545,
  "train_rmse_curvature": 2.636853932852364,
  "mean_epistemic_std_original": 0.23958915843552128,
  "mean_epistemic_std_curvature": 0.3691907606008798,
  "raw_std_mean_outside_original": 0.4073522153728221,
  "raw_std_mean_outside_curvature": 0.5640493449697518,
  "raw_std_mean_inside_original": 0.4123501655456046,
  "raw_std_mean_inside_curvature": 0.5229754792203531,
  "clipped_std_mean_outside_original": 0.4073522153728221,
  "clipped_std_mean_outside_curvature": 0.5640493449697518,
  "display_clip_quantile": 100.0,
  "display_clip_var_original": 1.1523092499123522,
  "display_clip_var_curvature": 3.386116685625953,
  "ci_multiplier": 1.96,
  "note": "For scalar Gaussian regression in this codepath, Lambda is constant 1/sigma_noise^2. So curvature weighting introduces a global kernel scaling but no new x-dependent structure. Any substantial predictive change comes from changed kernel-vs-noise scaling. In the noise-matched check, mean becomes numerically identical and variance differs by the same global Lambda factor."
}